{
  "status": "trained",
  "num_samples": 366,
  "win_rate": 0.5765027322404371,
  "accuracy": 0.912568306010929,
  "cv_accuracy": 0.6612365790447982,
  "cv_std": 0.048259445738631924,
  "precision": 0.945273631840796,
  "recall": 0.9004739336492891,
  "f1": 0.9223300970873787,
  "num_features": 36,
  "top_features": [
    [
      "hour_sin",
      0.12577417144017283
    ],
    [
      "hour_cos",
      0.09701901069321231
    ],
    [
      "probability",
      0.07487805523501793
    ],
    [
      "consensus_ratio",
      0.06889141852493093
    ],
    [
      "confidence",
      0.06795482382060536
    ],
    [
      "edge",
      0.06411474165425106
    ],
    [
      "num_agreeing",
      0.05186816115561395
    ],
    [
      "implied_up_price",
      0.04715927718415589
    ],
    [
      "reward_risk_ratio",
      0.04229428647238452
    ],
    [
      "num_indicators",
      0.0391291956059306
    ],
    [
      "ind_volume_spike",
      0.028912292836546064
    ],
    [
      "num_disagreeing",
      0.026926226823445077
    ],
    [
      "asset",
      0.025515288125763133
    ],
    [
      "ind_vwap",
      0.022568783144572398
    ],
    [
      "timeframe",
      0.02030154177639639
    ],
    [
      "ind_rsi",
      0.019365131976353336
    ],
    [
      "ind_liquidation",
      0.01790082896951429
    ],
    [
      "regime_fng",
      0.016577739829333648
    ],
    [
      "ind_order_flow",
      0.016551236282553037
    ],
    [
      "ind_momentum",
      0.014185397357097083
    ]
  ],
  "model_path": "/Users/macuser/polymarket-bot/data/models/garves_rf_model.joblib",
  "trained_at": 1771936225.353526
}