{"status": "CONNECTED", "detail": "", "reconnects_today": 1, "proactive_reconnects": 9, "last_connected": 1771941110.276635, "last_message": 1771941110.689501, "silence_s": 47.6, "uptime_s": 48.0, "written_at": 1771941158.3263628}