{"status": "CONNECTED", "detail": "", "reconnects_today": 1, "proactive_reconnects": 13, "last_connected": 1771939393.170881, "last_message": 1771939396.8923352, "silence_s": 44.4, "uptime_s": 48.1, "written_at": 1771939441.2832692}