{
  "macd": {
    "total_votes": 99,
    "correct_votes": 51,
    "accuracy": 0.5151515151515151
  },
  "ema": {
    "total_votes": 99,
    "correct_votes": 51,
    "accuracy": 0.5151515151515151
  },
  "heikin_ashi": {
    "total_votes": 99,
    "correct_votes": 50,
    "accuracy": 0.5050505050505051
  },
  "bollinger": {
    "total_votes": 80,
    "correct_votes": 39,
    "accuracy": 0.4875
  },
  "momentum": {
    "total_votes": 99,
    "correct_votes": 51,
    "accuracy": 0.5151515151515151
  },
  "price_div": {
    "total_votes": 84,
    "correct_votes": 45,
    "accuracy": 0.5357142857142857
  },
  "temporal_arb": {
    "total_votes": 70,
    "correct_votes": 39,
    "accuracy": 0.5571428571428572
  },
  "order_flow": {
    "total_votes": 98,
    "correct_votes": 51,
    "accuracy": 0.5204081632653061
  },
  "volume_spike": {
    "total_votes": 21,
    "correct_votes": 16,
    "accuracy": 0.7619047619047619
  },
  "rsi": {
    "total_votes": 44,
    "correct_votes": 21,
    "accuracy": 0.4772727272727273
  }
}